"","Variable","MinVals","MaxVals","MeanVals","SdtError"
"1","Sync",0.0663987065441559,0.992912046423709,0.595761312987044,0.00165237594000171
"2","WCDistkm",0,2831.782248,336.72272660682,4.80989884062882
"3","annual_avgC",0.8193596523272,1,0.984418138131552,0.000291818732090512
"4","distance",1.21707226062526e-05,0.139298472711905,0.02568335881812,0.000217261106303413
"5","overlap",6.06450433958264e-17,0.971460552584098,0.4401605332361,0.00254415982329818
"6","overlapScaled",0.0039475380003706,0.990187210840687,0.529527119139065,0.00197195839439775
