"","Effects","Estimates","TStat","R2","ICCRxSN","ICCR"
"1","(Intercept)",0.584256944972871,40.547723750598,0.144676311462237,0.122298492885123,0.017109810696847
"2","ZTempCor",0.0138252921540294,6.1019493155673,0.144676311462237,0.122298492885123,0.017109810696847
"3","ZDistance",-0.000545201482580076,-0.300310249185627,0.144676311462237,0.122298492885123,0.017109810696847
"4","ZTempCor:ZDistance",-0.00765759871571029,-3.78287991096544,0.144676311462237,0.122298492885123,0.017109810696847
