"","Effects","Estimates","DegreesOfFreedom","TStat","Pvalues","R2","ICCRxSN","ICCR"
"1","(Intercept)",0.584256944972871,2.1074737365961,40.547723750598,0.00043863311791692,0.144676311462237,0.122298492885123,0.017109810696847
"2","ZTempCor",0.0138252921540294,8235.47739042154,6.1019493155673,1.09516663995219e-09,0.144676311462237,0.122298492885123,0.017109810696847
"3","ZDistance",-0.000545201482580076,10389.3737314121,-0.300310249185627,0.763946524706007,0.144676311462237,0.122298492885123,0.017109810696847
"4","ZTempCor:ZDistance",-0.00765759871571029,12145.9375347104,-3.78287991096544,0.000155768169934661,0.144676311462237,0.122298492885123,0.017109810696847
