"","Effects","Estimates","DegreesOfFreedom","TStat","Pvalues","R2","ICCRxSN","ICCR"
"1","(Intercept)",0.584289642649598,2.10786482676676,40.6029336307778,0.000436862420670068,0.144708438964602,0.122371344913857,0.0170604745853663
"2","ZDistance",-0.000287742797073567,10367.9412579426,-0.158394940068281,0.874148685561052,0.144708438964602,0.122371344913857,0.0170604745853663
"3","ZTempCor",0.0138250802653231,8213.07297457323,6.10781897699156,1.0559529506314e-09,0.144708438964602,0.122371344913857,0.0170604745853663
"4","ZDistance:ZTempCor",-0.00774329340145515,12146.1692423196,-3.81556691338577,0.000136544159243746,0.144708438964602,0.122371344913857,0.0170604745853663
