"","ZDistance","ZOverlap","ZTemp","DistKM"
"ZDistance",1,-0.754909081534463,-0.136684776654167,0.141825663875144
"ZOverlap",-0.754909081534463,1,0.0856508142532768,-0.127502786878953
"ZTemp",-0.136684776654167,0.0856508142532768,1,-0.447827075292622
"DistKM",0.141825663875144,-0.127502786878953,-0.447827075292622,1
